,Variable,Importance,Set
0,Contact,-0.00018121158605655108,Test
1,Contact,0.003549059349696293,Test
2,Contact,0.0022909113019145,Test
3,Contact,-0.00040889207580552256,Test
4,Contact,-0.00016042688027317897,Test
5,Contact,0.0004368450472632679,Test
6,Contact,0.00216292462510681,Test
7,Contact,0.0006224929067812912,Test
8,Contact,0.0016663792243730713,Test
9,Contact,0.00040510066725985006,Test
10,Contact,0.0010236589045886646,Test
11,Contact,0.0010569129323170223,Test
12,Contact,0.0012706204623970097,Test
13,Contact,-0.000395945534017228,Test
14,Contact,0.0007178347865236523,Test
15,Contact,0.001042758566554114,Test
16,Contact,0.0021216600071223835,Test
17,Contact,0.00021249146590607282,Test
18,Contact,0.0002453212501114521,Test
19,Contact,0.0035320852275078085,Test
20,Contact,0.0014456230185680985,Test
21,Contact,0.0010132679401222422,Test
22,Contact,0.000374329335486534,Test
23,Contact,0.0009938837936361855,Test
24,Contact,0.001519733701744741,Test
25,Contact,0.002238576663605163,Test
26,Contact,0.002002654956291816,Test
27,Contact,-0.0005559120286899866,Test
28,Contact,-0.00016768310965042943,Test
29,Contact,0.0019311006235227524,Test
30,Contact,0.0011996048208787191,Test
31,Contact,0.0011015413676852548,Test
32,Contact,0.0010488030472207699,Test
33,Contact,0.0003514096414418688,Test
34,Contact,0.0020802561224105842,Test
35,Contact,0.0016085577420834607,Test
36,Contact,0.0010814335313726886,Test
37,Contact,0.000777690196248848,Test
38,Contact,0.002407282436691416,Test
39,Contact,0.0006131729994490742,Test
40,Contact,-0.0006540540265737027,Test
41,Contact,0.0010375647714030434,Test
42,Contact,0.0022079671966412917,Test
43,Contact,0.0022361105384134383,Test
44,Contact,0.000848870021109116,Test
45,Contact,0.0016801578204984624,Test
46,Contact,0.0006149638651422595,Test
47,Contact,-0.0001207284889087612,Test
48,Contact,0.0004903802463372964,Test
49,Contact,0.0005534721774539397,Test
50,Contact,-0.0006188255014499822,Test
51,Contact,0.0013213304980587148,Test
52,Contact,0.0021245018947609884,Test
53,Contact,0.0008359168216284241,Test
54,Contact,0.001350240717880924,Test
55,Contact,0.0013732442447220716,Test
56,Contact,0.0020567724713551616,Test
57,Contact,0.0019162896666272689,Test
58,Contact,0.0021091384914464495,Test
59,Contact,0.0013525887863301556,Test
60,Contact,0.0019702780846563295,Test
61,Contact,0.0016839715715912806,Test
62,Contact,0.001519988988919918,Test
63,Contact,0.0016594529622330212,Test
64,Contact,0.0016860035796218975,Test
65,Contact,0.0015779541557646715,Test
66,Contact,0.0012306443900277353,Test
67,Contact,0.001224290738193523,Test
68,Contact,0.00164015654655858,Test
69,Contact,0.0021721378979658867,Test
70,Contact,0.0012142312527476662,Test
71,Contact,0.0014636903166661552,Test
72,Contact,0.003269148050813797,Test
73,Contact,0.0004864013835523817,Test
74,Contact,0.002018761901322108,Test
75,Contact,0.0011007519606198723,Test
76,Contact,0.00098002889171811,Test
77,Contact,0.0026038613984326053,Test
78,Contact,0.0014145439096822088,Test
79,Contact,0.0015910206995221055,Test
80,Contact,0.0010810468042091737,Test
81,Contact,0.0021129792961439575,Test
82,Contact,0.00046652404724334406,Test
83,Contact,-0.0005988938359683393,Test
84,Contact,0.0014951300890621577,Test
85,Contact,0.002852156279921081,Test
86,Contact,0.00013553693705248282,Test
87,Contact,0.0011911265699167117,Test
88,Contact,0.0013252905222608247,Test
89,Contact,0.0024875398320158837,Test
90,Contact,0.0020510938436038018,Test
91,Contact,0.0016089841778171854,Test
92,Contact,0.0024515475473187998,Test
93,Contact,0.0021653760803447275,Test
94,Contact,0.001149052094436387,Test
95,Contact,5.4020491981665586e-05,Test
96,Contact,0.0021046031223243,Test
97,Contact,0.0012901961245976312,Test
98,Contact,0.0005187905259420589,Test
99,Contact,0.0003521899631656611,Test
100,Contact,0.0013853198026536617,Test
101,Contact,0.000984119708015263,Test
102,Contact,0.001000999003676839,Test
103,Contact,0.0015311186795906595,Test
104,Contact,0.000748390918549835,Test
105,Contact,0.0023041065241380387,Test
106,Contact,0.001264502710064619,Test
107,Contact,0.0011809019109085828,Test
108,Contact,0.00040494881764008284,Test
109,Contact,0.001742081913030158,Test
110,Contact,0.0013435826476041468,Test
111,Contact,-0.0010119683291164305,Test
112,Contact,0.002690563847730032,Test
113,Contact,0.00044216363213567256,Test
114,Contact,0.0007818845233658056,Test
115,Contact,0.0032219902838852565,Test
116,Contact,0.0023727925803965766,Test
117,Contact,0.0010750123289959834,Test
118,Contact,0.0012591203357910086,Test
119,Contact,0.00237052745208699,Test
120,Contact,0.0017705751054253316,Test
121,Contact,-5.681501591570104e-05,Test
122,Contact,5.77665755450707e-05,Test
123,Contact,0.0012816915828084419,Test
124,Contact,-0.0006152232787600687,Test
125,Contact,0.0021319672856521255,Test
126,Contact,0.00196008129425318,Test
127,Contact,0.0009065026032833989,Test
128,Contact,0.0008695878140559943,Test
129,Contact,0.0014823894605834331,Test
130,Contact,0.0011932004227097615,Test
131,Contact,0.0007714562617019416,Test
132,Contact,0.0017709246504368226,Test
133,Contact,0.0022271097196058243,Test
134,Contact,0.0006724244013286418,Test
135,Contact,0.0025927663392000255,Test
136,Contact,0.002298520431647022,Test
137,Contact,0.0020642933160023302,Test
138,Contact,0.0012841548903446132,Test
139,Contact,0.0012729692102927403,Test
140,Contact,0.00216421900824193,Test
141,Contact,-3.1458734170652924e-05,Test
142,Contact,0.001643711066597886,Test
143,Contact,0.001225481174909171,Test
144,Contact,0.0015264525715221744,Test
145,Contact,0.0009741948682184809,Test
146,Contact,0.00022909484869326757,Test
147,Contact,0.0010451054139359872,Test
148,Contact,0.0014783117131320633,Test
149,Contact,0.0015471023715906695,Test
150,Contact,0.0010674018742515834,Test
151,Contact,-0.00013993741861317854,Test
152,Contact,0.0014744322274786725,Test
153,Contact,0.0011269827748882078,Test
154,Contact,0.0012344675959752305,Test
155,Contact,0.002880790840661396,Test
156,Contact,0.002204905565862003,Test
157,Contact,0.0016197878945789501,Test
158,Contact,0.0001962754407013323,Test
159,Contact,0.0006270540178215933,Test
160,Contact,0.0008211494614667192,Test
161,Contact,0.00027531694874805,Test
162,Contact,0.0011654173931386902,Test
163,Contact,0.0011524312289364347,Test
164,Contact,0.0021037680747644227,Test
165,Contact,0.0002072138968776116,Test
166,Contact,0.0001321601918383708,Test
167,Contact,0.0001768511805879669,Test
168,Contact,0.0012682279380880068,Test
169,Contact,0.002025423417817862,Test
170,Contact,-0.0009248374125150338,Test
171,Contact,-0.00024091265783654503,Test
172,Contact,8.721775617781535e-05,Test
173,Contact,0.0009890054637278212,Test
174,Contact,0.0019795909968070013,Test
175,Contact,0.0009365118460190613,Test
176,Contact,0.0003054635534941452,Test
177,Contact,0.00014143057514537372,Test
178,Contact,0.000605021846305287,Test
179,Contact,0.000457224954542923,Test
180,Contact,0.001075838639161275,Test
181,Contact,0.0028751987600830198,Test
182,Contact,0.002476108273069766,Test
183,Contact,0.0024639625408646726,Test
184,Contact,-0.00021621205206889815,Test
185,Contact,0.0020435201107554812,Test
186,Contact,0.0029559022026743875,Test
187,Contact,0.00253959552771732,Test
188,Contact,0.000915457377359763,Test
189,Contact,0.0024959980853790364,Test
190,Contact,0.0011548547447628454,Test
191,Contact,0.0007936914644224302,Test
192,Contact,0.0011159925085442168,Test
193,Contact,-0.00016028243214560867,Test
194,Contact,0.0022753639109829304,Test
195,Contact,0.0022123243669657233,Test
196,Contact,0.0015875228948454279,Test
197,Contact,0.0012050720443298468,Test
198,Contact,0.0010145658404665525,Test
199,Contact,0.0013858172627628784,Test
200,Same_family,0.010373269124707818,Test
201,Same_family,0.01645230717974755,Test
202,Same_family,0.015264445988165454,Test
203,Same_family,0.013989722694591644,Test
204,Same_family,0.016270206920035668,Test
205,Same_family,0.009471691929124226,Test
206,Same_family,0.012436028839837077,Test
207,Same_family,0.021062700900981057,Test
208,Same_family,0.01704296983224507,Test
209,Same_family,0.015557406394756002,Test
210,Same_family,0.013429884987367746,Test
211,Same_family,0.01319130347446179,Test
212,Same_family,0.008691085669890741,Test
213,Same_family,0.01528349122678152,Test
214,Same_family,0.01421219432057308,Test
215,Same_family,0.018228034446115426,Test
216,Same_family,0.01296563803896189,Test
217,Same_family,0.016119047098329897,Test
218,Same_family,0.01703378165463143,Test
219,Same_family,0.012151824378801246,Test
220,Same_family,0.010642186758702543,Test
221,Same_family,0.016001857232380123,Test
222,Same_family,0.014883193723936983,Test
223,Same_family,0.007228412848204746,Test
224,Same_family,0.014627064568571435,Test
225,Same_family,0.015504762204375577,Test
226,Same_family,0.014841251945070133,Test
227,Same_family,0.015990644312511848,Test
228,Same_family,0.006443242417593975,Test
229,Same_family,0.012865005081113767,Test
230,Same_family,0.01605374227618872,Test
231,Same_family,0.010875051297372762,Test
232,Same_family,0.012920862792932253,Test
233,Same_family,0.013518771005355923,Test
234,Same_family,0.01766438363422529,Test
235,Same_family,0.018379857246398124,Test
236,Same_family,0.017094720217291415,Test
237,Same_family,0.012156808939342012,Test
238,Same_family,0.014531826568518924,Test
239,Same_family,0.016665877230963133,Test
240,Same_family,0.014331640453295047,Test
241,Same_family,0.012862601959902631,Test
242,Same_family,0.013003177043390823,Test
243,Same_family,0.017466295074305638,Test
244,Same_family,0.01642682149746444,Test
245,Same_family,0.010561576479304335,Test
246,Same_family,0.006758940467898156,Test
247,Same_family,0.013454638036722866,Test
248,Same_family,0.00766675285038354,Test
249,Same_family,0.013863446950264535,Test
250,Same_family,0.01046173054379751,Test
251,Same_family,0.015206599556374933,Test
252,Same_family,0.019690411387736972,Test
253,Same_family,0.016333307980606837,Test
254,Same_family,0.012130721920301513,Test
255,Same_family,0.016881404871022965,Test
256,Same_family,0.01109403213713478,Test
257,Same_family,0.013562838814438982,Test
258,Same_family,0.018703017619526308,Test
259,Same_family,0.015636066681604666,Test
260,Same_family,0.010804784023663916,Test
261,Same_family,0.008294284898949011,Test
262,Same_family,0.011759383036472393,Test
263,Same_family,0.017382896246751822,Test
264,Same_family,0.015269639746041896,Test
265,Same_family,0.013495740268851364,Test
266,Same_family,0.011323306852054293,Test
267,Same_family,0.004685037133078995,Test
268,Same_family,0.010148462033137906,Test
269,Same_family,0.014707653225659811,Test
270,Same_family,0.011436458700865293,Test
271,Same_family,0.01006368537375768,Test
272,Same_family,0.024412623099660746,Test
273,Same_family,0.01913058090683395,Test
274,Same_family,0.019734795715981357,Test
275,Same_family,0.019455395845786372,Test
276,Same_family,0.008450872800142117,Test
277,Same_family,0.010023573947335551,Test
278,Same_family,0.012380329955491876,Test
279,Same_family,0.00662152506582081,Test
280,Same_family,0.013591350472266117,Test
281,Same_family,0.012887720121368185,Test
282,Same_family,0.019129564189543702,Test
283,Same_family,0.005321889609867569,Test
284,Same_family,0.015731524175255918,Test
285,Same_family,0.014263291223793773,Test
286,Same_family,0.01443171184261749,Test
287,Same_family,0.014168947467217086,Test
288,Same_family,0.017118117497787244,Test
289,Same_family,0.01890867394071738,Test
290,Same_family,0.0173663789371018,Test
291,Same_family,0.01317708456310318,Test
292,Same_family,0.014351332519211057,Test
293,Same_family,0.011830183710389686,Test
294,Same_family,0.014086538328954124,Test
295,Same_family,0.014306147077070452,Test
296,Same_family,0.014702793355523491,Test
297,Same_family,0.015588388306800538,Test
298,Same_family,0.008947245048043784,Test
299,Same_family,0.01264864504444474,Test
300,Same_family,0.014496079113453852,Test
301,Same_family,0.01087232977648378,Test
302,Same_family,0.014631532462326624,Test
303,Same_family,0.012999009832334374,Test
304,Same_family,0.013272698688126527,Test
305,Same_family,0.012027811150349788,Test
306,Same_family,0.014250834881382679,Test
307,Same_family,0.01791217528404576,Test
308,Same_family,0.014682651832215843,Test
309,Same_family,0.013070620901074581,Test
310,Same_family,0.018442622209728365,Test
311,Same_family,0.016385380369631664,Test
312,Same_family,0.019522720805999816,Test
313,Same_family,0.014698858623008904,Test
314,Same_family,0.015429934275951407,Test
315,Same_family,0.01314533296731113,Test
316,Same_family,0.01682541763859058,Test
317,Same_family,0.014122987300244638,Test
318,Same_family,0.01142294039274272,Test
319,Same_family,0.012082072079532491,Test
320,Same_family,0.01490022577760547,Test
321,Same_family,0.014856355804621746,Test
322,Same_family,0.010523979389789218,Test
323,Same_family,0.01998015782376561,Test
324,Same_family,0.014691565052235234,Test
325,Same_family,0.011207042664832079,Test
326,Same_family,0.008371702874378606,Test
327,Same_family,0.010950090985851757,Test
328,Same_family,0.012375770868671032,Test
329,Same_family,0.012474313908689916,Test
330,Same_family,0.00871949629683888,Test
331,Same_family,0.004589360943124565,Test
332,Same_family,0.012471325406549272,Test
333,Same_family,0.011026835739546215,Test
334,Same_family,0.013843424180615682,Test
335,Same_family,0.014175161545973425,Test
336,Same_family,0.01656111556532669,Test
337,Same_family,0.013667003718595194,Test
338,Same_family,0.011938641476637923,Test
339,Same_family,0.01553608819547836,Test
340,Same_family,0.016969414314134013,Test
341,Same_family,0.010652361487664241,Test
342,Same_family,0.008548100877341702,Test
343,Same_family,0.014594389168568367,Test
344,Same_family,0.012847484958790845,Test
345,Same_family,0.012547297476061314,Test
346,Same_family,0.010761521581878819,Test
347,Same_family,0.015403500459974073,Test
348,Same_family,0.014778631666279851,Test
349,Same_family,0.009169886783202852,Test
350,Same_family,0.012768945702218648,Test
351,Same_family,0.012854826660470109,Test
352,Same_family,0.012296863639152944,Test
353,Same_family,0.011640576268481473,Test
354,Same_family,0.012265565311505244,Test
355,Same_family,0.01387626273156728,Test
356,Same_family,0.016220284905824056,Test
357,Same_family,0.01890209396716047,Test
358,Same_family,0.013433478544642385,Test
359,Same_family,0.009831324216227788,Test
360,Same_family,0.019977306780905146,Test
361,Same_family,0.016194361613446118,Test
362,Same_family,0.011958740035323157,Test
363,Same_family,0.011664886648698691,Test
364,Same_family,0.011303360285142117,Test
365,Same_family,0.016618539135395682,Test
366,Same_family,0.011758417036634439,Test
367,Same_family,0.009769611737219797,Test
368,Same_family,0.012777100045156864,Test
369,Same_family,0.012366361989247121,Test
370,Same_family,0.01483492710525014,Test
371,Same_family,0.009442490803759584,Test
372,Same_family,0.018461373674450332,Test
373,Same_family,0.01060989061937323,Test
374,Same_family,0.008035715162875712,Test
375,Same_family,0.010871625307289356,Test
376,Same_family,0.012296908551435504,Test
377,Same_family,0.013257152872606759,Test
378,Same_family,0.016693951265229268,Test
379,Same_family,0.014632803197610178,Test
380,Same_family,0.012164469313040382,Test
381,Same_family,0.016326159846534738,Test
382,Same_family,0.01286622163790141,Test
383,Same_family,0.012086342593416122,Test
384,Same_family,0.014886415028174615,Test
385,Same_family,0.015925305577381477,Test
386,Same_family,0.014098263488052765,Test
387,Same_family,0.014902217563495523,Test
388,Same_family,0.010697084110415034,Test
389,Same_family,0.01665631399887113,Test
390,Same_family,0.014684780607204795,Test
391,Same_family,0.003998331981060366,Test
392,Same_family,0.008089158779796879,Test
393,Same_family,0.009507320389549712,Test
394,Same_family,0.01832109384916092,Test
395,Same_family,0.011682304169161273,Test
396,Same_family,0.014462303673278831,Test
397,Same_family,0.01667423382958899,Test
398,Same_family,0.01241206580453924,Test
399,Same_family,0.014227477502417818,Test
400,Same_genus,0.11957350380710075,Test
401,Same_genus,0.10482858173455234,Test
402,Same_genus,0.12100790424355556,Test
403,Same_genus,0.1337218794451207,Test
404,Same_genus,0.1295469013290672,Test
405,Same_genus,0.11887654010921311,Test
406,Same_genus,0.1431393550058453,Test
407,Same_genus,0.14506617142533562,Test
408,Same_genus,0.11382574913525645,Test
409,Same_genus,0.11478855373165997,Test
410,Same_genus,0.14286206750624075,Test
411,Same_genus,0.13657396364181917,Test
412,Same_genus,0.12011885271503864,Test
413,Same_genus,0.14126303913920157,Test
414,Same_genus,0.11301635230112494,Test
415,Same_genus,0.11732451615555195,Test
416,Same_genus,0.13966568662132461,Test
417,Same_genus,0.11248506631020472,Test
418,Same_genus,0.1421309251515132,Test
419,Same_genus,0.1366390037982761,Test
420,Same_genus,0.12728685880731117,Test
421,Same_genus,0.10660139329402618,Test
422,Same_genus,0.12969549573373085,Test
423,Same_genus,0.1423599555059336,Test
424,Same_genus,0.11314953966717062,Test
425,Same_genus,0.12131043998449198,Test
426,Same_genus,0.13425337484590605,Test
427,Same_genus,0.12711006685544513,Test
428,Same_genus,0.13399044951065253,Test
429,Same_genus,0.12811503811055136,Test
430,Same_genus,0.14737025193414155,Test
431,Same_genus,0.11994788256065314,Test
432,Same_genus,0.12518441272830227,Test
433,Same_genus,0.11685596630793393,Test
434,Same_genus,0.1421757260244907,Test
435,Same_genus,0.12027502200370566,Test
436,Same_genus,0.11993681943745516,Test
437,Same_genus,0.10008154465498464,Test
438,Same_genus,0.13214276905289757,Test
439,Same_genus,0.14725737702362707,Test
440,Same_genus,0.11817588829272774,Test
441,Same_genus,0.12367502672303698,Test
442,Same_genus,0.14043566936657825,Test
443,Same_genus,0.11787434621828752,Test
444,Same_genus,0.14025555606795204,Test
445,Same_genus,0.13529939452812811,Test
446,Same_genus,0.10248709216530716,Test
447,Same_genus,0.1381871791134779,Test
448,Same_genus,0.14146042071530085,Test
449,Same_genus,0.12277101140178626,Test
450,Same_genus,0.1298400683993346,Test
451,Same_genus,0.11912617317181995,Test
452,Same_genus,0.12219057012307044,Test
453,Same_genus,0.12965501483493336,Test
454,Same_genus,0.13093340173686752,Test
455,Same_genus,0.12790940662010786,Test
456,Same_genus,0.12871117506558805,Test
457,Same_genus,0.13633142957034916,Test
458,Same_genus,0.12432817529480644,Test
459,Same_genus,0.11905545217880842,Test
460,Same_genus,0.11732759907564316,Test
461,Same_genus,0.13664875783819153,Test
462,Same_genus,0.10740098451141489,Test
463,Same_genus,0.14165927662779498,Test
464,Same_genus,0.1539688366245251,Test
465,Same_genus,0.13502989421537037,Test
466,Same_genus,0.13132327401948513,Test
467,Same_genus,0.12583961880457584,Test
468,Same_genus,0.13647935551548973,Test
469,Same_genus,0.12111179498987146,Test
470,Same_genus,0.11825984318676863,Test
471,Same_genus,0.1325442474177222,Test
472,Same_genus,0.13476499029780997,Test
473,Same_genus,0.12418065684926494,Test
474,Same_genus,0.1324439486934459,Test
475,Same_genus,0.14899024225623947,Test
476,Same_genus,0.1356609076372577,Test
477,Same_genus,0.12368266221068058,Test
478,Same_genus,0.11368183506267693,Test
479,Same_genus,0.1261926227715069,Test
480,Same_genus,0.1499855419899252,Test
481,Same_genus,0.11471641375518393,Test
482,Same_genus,0.1259265048088084,Test
483,Same_genus,0.11082570173787243,Test
484,Same_genus,0.1373819059543192,Test
485,Same_genus,0.13477065637428653,Test
486,Same_genus,0.10806597305184917,Test
487,Same_genus,0.1140379454538849,Test
488,Same_genus,0.1140548974565494,Test
489,Same_genus,0.12501186601224457,Test
490,Same_genus,0.12352376506254281,Test
491,Same_genus,0.14040032635814148,Test
492,Same_genus,0.11513742773346036,Test
493,Same_genus,0.11368344012978954,Test
494,Same_genus,0.11526208835231244,Test
495,Same_genus,0.10565252503279277,Test
496,Same_genus,0.1399281993386048,Test
497,Same_genus,0.12738202258368903,Test
498,Same_genus,0.12872298351133216,Test
499,Same_genus,0.11259868792834737,Test
500,Same_genus,0.12500006626134974,Test
501,Same_genus,0.11582171179397427,Test
502,Same_genus,0.1113201993370706,Test
503,Same_genus,0.13941771462665853,Test
504,Same_genus,0.1355769582120797,Test
505,Same_genus,0.13414402332185438,Test
506,Same_genus,0.1360745569632087,Test
507,Same_genus,0.13103918767343192,Test
508,Same_genus,0.12767095291533426,Test
509,Same_genus,0.15632413291252456,Test
510,Same_genus,0.12880614692424186,Test
511,Same_genus,0.1179626051356445,Test
512,Same_genus,0.14021495026246644,Test
513,Same_genus,0.1270231452196674,Test
514,Same_genus,0.1110498830169867,Test
515,Same_genus,0.1261743179059291,Test
516,Same_genus,0.13864873864898708,Test
517,Same_genus,0.1291977582673528,Test
518,Same_genus,0.11252347122537298,Test
519,Same_genus,0.1352112171758968,Test
520,Same_genus,0.11999605017058168,Test
521,Same_genus,0.11889766598596274,Test
522,Same_genus,0.12486874056167041,Test
523,Same_genus,0.1072036280851757,Test
524,Same_genus,0.10209775451454506,Test
525,Same_genus,0.13042523875390866,Test
526,Same_genus,0.1242377015991385,Test
527,Same_genus,0.1241424895419656,Test
528,Same_genus,0.1156218770576023,Test
529,Same_genus,0.1284147620781183,Test
530,Same_genus,0.12125726310207974,Test
531,Same_genus,0.1191123622520901,Test
532,Same_genus,0.1362490175502412,Test
533,Same_genus,0.14431750110696995,Test
534,Same_genus,0.13606224879604778,Test
535,Same_genus,0.11288841963889351,Test
536,Same_genus,0.1366894123503748,Test
537,Same_genus,0.1380608183305302,Test
538,Same_genus,0.13360910603777665,Test
539,Same_genus,0.12359455311779244,Test
540,Same_genus,0.13762210651587858,Test
541,Same_genus,0.1526399023311441,Test
542,Same_genus,0.12329675023961062,Test
543,Same_genus,0.12610262254180016,Test
544,Same_genus,0.12536173907614334,Test
545,Same_genus,0.14421527222625474,Test
546,Same_genus,0.10581323261018571,Test
547,Same_genus,0.1285839485121546,Test
548,Same_genus,0.12308243982709699,Test
549,Same_genus,0.1183590431676923,Test
550,Same_genus,0.09864389454847067,Test
551,Same_genus,0.12163634433287074,Test
552,Same_genus,0.10421458226230884,Test
553,Same_genus,0.09771837239677095,Test
554,Same_genus,0.13202696407970016,Test
555,Same_genus,0.12230215298258007,Test
556,Same_genus,0.13509266065860637,Test
557,Same_genus,0.12302074048531264,Test
558,Same_genus,0.125043837117072,Test
559,Same_genus,0.1427940328714602,Test
560,Same_genus,0.12015451915287934,Test
561,Same_genus,0.1357961802226485,Test
562,Same_genus,0.1119563156548089,Test
563,Same_genus,0.1222753723864275,Test
564,Same_genus,0.10149828752754159,Test
565,Same_genus,0.12839055764169294,Test
566,Same_genus,0.12950388085971698,Test
567,Same_genus,0.11191997665627673,Test
568,Same_genus,0.11838921298485544,Test
569,Same_genus,0.10760350215346881,Test
570,Same_genus,0.1264269975759048,Test
571,Same_genus,0.10923135252999494,Test
572,Same_genus,0.1310920525745356,Test
573,Same_genus,0.12286777469305732,Test
574,Same_genus,0.13495867804758033,Test
575,Same_genus,0.13168260797239717,Test
576,Same_genus,0.11922346798941974,Test
577,Same_genus,0.10079679838075772,Test
578,Same_genus,0.11212696015446166,Test
579,Same_genus,0.10681575167336554,Test
580,Same_genus,0.14098786214677883,Test
581,Same_genus,0.15033097976904597,Test
582,Same_genus,0.14065485166975344,Test
583,Same_genus,0.12456935617354625,Test
584,Same_genus,0.100196022209883,Test
585,Same_genus,0.14692492671713703,Test
586,Same_genus,0.13405477642618724,Test
587,Same_genus,0.10888786240827597,Test
588,Same_genus,0.12232645338469106,Test
589,Same_genus,0.1311145729586809,Test
590,Same_genus,0.12997639351039592,Test
591,Same_genus,0.11543404413093128,Test
592,Same_genus,0.11767366132897683,Test
593,Same_genus,0.11114352910244685,Test
594,Same_genus,0.11219284138041064,Test
595,Same_genus,0.1155020763331539,Test
596,Same_genus,0.12539770624999125,Test
597,Same_genus,0.12811159416165419,Test
598,Same_genus,0.1179491177554145,Test
599,Same_genus,0.09746534576847021,Test
600,Distance,0.1477014750544221,Test
601,Distance,0.14992896603164818,Test
602,Distance,0.15614601083529522,Test
603,Distance,0.12874468737388678,Test
604,Distance,0.14261601293202886,Test
605,Distance,0.13259562999577634,Test
606,Distance,0.15926289797433857,Test
607,Distance,0.14354866206659622,Test
608,Distance,0.14906384162937325,Test
609,Distance,0.13275387029570285,Test
610,Distance,0.13187645944766546,Test
611,Distance,0.13100565005988307,Test
612,Distance,0.14984390442271744,Test
613,Distance,0.14295824060105833,Test
614,Distance,0.1344086449462396,Test
615,Distance,0.14985200537331556,Test
616,Distance,0.16732350738290502,Test
617,Distance,0.16017770518555496,Test
618,Distance,0.15733026093696123,Test
619,Distance,0.15949776605937482,Test
620,Distance,0.1514764120864286,Test
621,Distance,0.14138726206904662,Test
622,Distance,0.16328301929004763,Test
623,Distance,0.1327299106203348,Test
624,Distance,0.15755392098173793,Test
625,Distance,0.14559080475055375,Test
626,Distance,0.1748669882599141,Test
627,Distance,0.16417643808460802,Test
628,Distance,0.11838075297618122,Test
629,Distance,0.1215174114848272,Test
630,Distance,0.14800085810938468,Test
631,Distance,0.14249987231614647,Test
632,Distance,0.1494429727034402,Test
633,Distance,0.152791871080742,Test
634,Distance,0.1554189345293151,Test
635,Distance,0.15360910726801447,Test
636,Distance,0.12723327161495968,Test
637,Distance,0.16305353954414536,Test
638,Distance,0.15709739196458783,Test
639,Distance,0.15316562291267122,Test
640,Distance,0.16233165325467092,Test
641,Distance,0.12732543235888993,Test
642,Distance,0.15007515176314568,Test
643,Distance,0.15902763647802332,Test
644,Distance,0.14395452845963708,Test
645,Distance,0.12827124246837562,Test
646,Distance,0.13031251866153815,Test
647,Distance,0.12988442475851936,Test
648,Distance,0.13415541273190945,Test
649,Distance,0.14699554146381943,Test
650,Distance,0.1428013150255263,Test
651,Distance,0.13823561779718962,Test
652,Distance,0.16479584301154915,Test
653,Distance,0.13399823412747536,Test
654,Distance,0.14822985365619112,Test
655,Distance,0.14395537018421967,Test
656,Distance,0.12838329087056877,Test
657,Distance,0.14725037215214398,Test
658,Distance,0.12020832974648654,Test
659,Distance,0.16300502544219175,Test
660,Distance,0.13732957472372187,Test
661,Distance,0.13795239936603132,Test
662,Distance,0.13587031763489443,Test
663,Distance,0.1434165561997327,Test
664,Distance,0.14730187935779088,Test
665,Distance,0.1352912470760893,Test
666,Distance,0.12347396970535518,Test
667,Distance,0.13840394333567063,Test
668,Distance,0.13007158196504176,Test
669,Distance,0.1383236113251985,Test
670,Distance,0.10966626613247354,Test
671,Distance,0.15049524247222235,Test
672,Distance,0.17283970419605155,Test
673,Distance,0.1286423614576605,Test
674,Distance,0.16359982583602706,Test
675,Distance,0.14867957331183157,Test
676,Distance,0.1471809193604322,Test
677,Distance,0.13917819432738687,Test
678,Distance,0.15453210154512798,Test
679,Distance,0.14379035084267533,Test
680,Distance,0.13957388659719527,Test
681,Distance,0.15064157811378054,Test
682,Distance,0.15629976932404688,Test
683,Distance,0.1353957336912902,Test
684,Distance,0.13341060503984192,Test
685,Distance,0.14340022297086186,Test
686,Distance,0.15831069203894188,Test
687,Distance,0.15082134677091652,Test
688,Distance,0.11683383349952114,Test
689,Distance,0.13865500745407378,Test
690,Distance,0.1449965083735949,Test
691,Distance,0.13143609569340575,Test
692,Distance,0.1611040399462242,Test
693,Distance,0.13362605010303996,Test
694,Distance,0.12725943922708916,Test
695,Distance,0.1400879318763894,Test
696,Distance,0.13476829574308435,Test
697,Distance,0.1476232453186601,Test
698,Distance,0.16121767004361087,Test
699,Distance,0.12541061209212645,Test
700,Distance,0.14223408161686368,Test
701,Distance,0.14369972826536004,Test
702,Distance,0.1535874841412901,Test
703,Distance,0.13991248012400015,Test
704,Distance,0.14618486941970266,Test
705,Distance,0.12492568342815724,Test
706,Distance,0.13984446255437033,Test
707,Distance,0.14107071808653937,Test
708,Distance,0.15961495581970542,Test
709,Distance,0.16756026113170658,Test
710,Distance,0.14237234168249924,Test
711,Distance,0.14895712316178844,Test
712,Distance,0.1555496932714256,Test
713,Distance,0.1477170839780233,Test
714,Distance,0.13302697505067562,Test
715,Distance,0.1436471703232738,Test
716,Distance,0.1428219904686021,Test
717,Distance,0.14477545713085016,Test
718,Distance,0.14219038667590678,Test
719,Distance,0.14063489232715787,Test
720,Distance,0.13324562921840133,Test
721,Distance,0.1429998534977341,Test
722,Distance,0.13991290000572787,Test
723,Distance,0.15084117896277316,Test
724,Distance,0.13258490800360012,Test
725,Distance,0.1384202710928929,Test
726,Distance,0.13888969244567195,Test
727,Distance,0.15878218861803606,Test
728,Distance,0.13870745019280473,Test
729,Distance,0.1517599682562656,Test
730,Distance,0.1460929657041854,Test
731,Distance,0.10915746129959336,Test
732,Distance,0.14675330238701334,Test
733,Distance,0.15283541460706618,Test
734,Distance,0.12429253602756396,Test
735,Distance,0.14213482622386286,Test
736,Distance,0.15809052854735106,Test
737,Distance,0.1437341755867988,Test
738,Distance,0.13955648791031472,Test
739,Distance,0.13589520859729476,Test
740,Distance,0.17346613552745183,Test
741,Distance,0.14715763801876336,Test
742,Distance,0.13497269350509622,Test
743,Distance,0.14976542942986182,Test
744,Distance,0.14545466190766554,Test
745,Distance,0.1467633363380948,Test
746,Distance,0.15212836069718694,Test
747,Distance,0.13558047449389043,Test
748,Distance,0.15900835272022573,Test
749,Distance,0.15483282551721822,Test
750,Distance,0.15290774008198793,Test
751,Distance,0.15263729768040846,Test
752,Distance,0.1330816721245971,Test
753,Distance,0.13624995839598475,Test
754,Distance,0.14683138366293436,Test
755,Distance,0.1519242975062084,Test
756,Distance,0.13381195797695866,Test
757,Distance,0.15491149453534192,Test
758,Distance,0.14431594685608207,Test
759,Distance,0.14544621107030953,Test
760,Distance,0.13814702971193005,Test
761,Distance,0.1360774882627176,Test
762,Distance,0.14357603875551983,Test
763,Distance,0.13746745744985522,Test
764,Distance,0.14222465475997015,Test
765,Distance,0.13420462557150958,Test
766,Distance,0.12320989215016942,Test
767,Distance,0.14911764528857052,Test
768,Distance,0.14049177746415586,Test
769,Distance,0.1267598321967447,Test
770,Distance,0.1409104014858612,Test
771,Distance,0.13484097347597634,Test
772,Distance,0.17578734655338957,Test
773,Distance,0.1389010739545613,Test
774,Distance,0.1274799913119471,Test
775,Distance,0.16856561486561727,Test
776,Distance,0.13571545538958418,Test
777,Distance,0.13833014593778492,Test
778,Distance,0.14050375154798367,Test
779,Distance,0.14907573087387638,Test
780,Distance,0.12807063840981336,Test
781,Distance,0.13429221834112182,Test
782,Distance,0.128773474081336,Test
783,Distance,0.16531784966611884,Test
784,Distance,0.13812781501976146,Test
785,Distance,0.14837053523335741,Test
786,Distance,0.14978480809315076,Test
787,Distance,0.14376575268274616,Test
788,Distance,0.13500015777868646,Test
789,Distance,0.1391338147443938,Test
790,Distance,0.13979005122677002,Test
791,Distance,0.16586365751037357,Test
792,Distance,0.13313762559624637,Test
793,Distance,0.13596447521914345,Test
794,Distance,0.1523034698971566,Test
795,Distance,0.1346815245116022,Test
796,Distance,0.16379196697108678,Test
797,Distance,0.13672127384317534,Test
798,Distance,0.1426447731479421,Test
799,Distance,0.14924858009703212,Test
800,Population_difference,0.4832184627774454,Test
801,Population_difference,0.4944456107194448,Test
802,Population_difference,0.4670080103938885,Test
803,Population_difference,0.4753990650917408,Test
804,Population_difference,0.4971251009266189,Test
805,Population_difference,0.47987909879660595,Test
806,Population_difference,0.5293436527814699,Test
807,Population_difference,0.5043043869387589,Test
808,Population_difference,0.5159142542441679,Test
809,Population_difference,0.5062578036383667,Test
810,Population_difference,0.49981067186417194,Test
811,Population_difference,0.46700314673071186,Test
812,Population_difference,0.5056676480413025,Test
813,Population_difference,0.49434759685377805,Test
814,Population_difference,0.46972782785461487,Test
815,Population_difference,0.4585050559288433,Test
816,Population_difference,0.5004449549459902,Test
817,Population_difference,0.4502737871866316,Test
818,Population_difference,0.46600668726313677,Test
819,Population_difference,0.48710242772906054,Test
820,Population_difference,0.4552888245056468,Test
821,Population_difference,0.47082527088486437,Test
822,Population_difference,0.4803067226064588,Test
823,Population_difference,0.5149430313879337,Test
824,Population_difference,0.4780801038948943,Test
825,Population_difference,0.4925953427369798,Test
826,Population_difference,0.4977749394305919,Test
827,Population_difference,0.5169919607745772,Test
828,Population_difference,0.44709436685929227,Test
829,Population_difference,0.5498858852368254,Test
830,Population_difference,0.46227774664696253,Test
831,Population_difference,0.5298154501412125,Test
832,Population_difference,0.5106130703633962,Test
833,Population_difference,0.4902598385829793,Test
834,Population_difference,0.5224148677056015,Test
835,Population_difference,0.4776951776014793,Test
836,Population_difference,0.5227596052905579,Test
837,Population_difference,0.4783199507453082,Test
838,Population_difference,0.48137019817749294,Test
839,Population_difference,0.5043158654073456,Test
840,Population_difference,0.4750993400885726,Test
841,Population_difference,0.5208590949028911,Test
842,Population_difference,0.4668693197660394,Test
843,Population_difference,0.4930796493306362,Test
844,Population_difference,0.49049889817240633,Test
845,Population_difference,0.46006582831086384,Test
846,Population_difference,0.48586519502422854,Test
847,Population_difference,0.47707886114868825,Test
848,Population_difference,0.467339106017683,Test
849,Population_difference,0.4809257700935463,Test
850,Population_difference,0.5047685520368037,Test
851,Population_difference,0.4628225338620666,Test
852,Population_difference,0.4541772120192127,Test
853,Population_difference,0.47758849923569,Test
854,Population_difference,0.4787392892814757,Test
855,Population_difference,0.5186534495594233,Test
856,Population_difference,0.517726999489635,Test
857,Population_difference,0.5112097153193422,Test
858,Population_difference,0.5015599640481567,Test
859,Population_difference,0.48805348180600716,Test
860,Population_difference,0.48762165301293536,Test
861,Population_difference,0.46168199494087236,Test
862,Population_difference,0.5209574880331456,Test
863,Population_difference,0.4543087030177013,Test
864,Population_difference,0.5025822581616317,Test
865,Population_difference,0.43917840760837124,Test
866,Population_difference,0.47356868421657405,Test
867,Population_difference,0.47134819732515276,Test
868,Population_difference,0.4422650566570596,Test
869,Population_difference,0.5027440437591384,Test
870,Population_difference,0.5157266261118938,Test
871,Population_difference,0.504610650961459,Test
872,Population_difference,0.49783091496426635,Test
873,Population_difference,0.5135373311183709,Test
874,Population_difference,0.47008604682491506,Test
875,Population_difference,0.43541219793238184,Test
876,Population_difference,0.5375524211879898,Test
877,Population_difference,0.4848110683422191,Test
878,Population_difference,0.4646243680163491,Test
879,Population_difference,0.4808108300897378,Test
880,Population_difference,0.4224330569596252,Test
881,Population_difference,0.4716134455531593,Test
882,Population_difference,0.5114762538382747,Test
883,Population_difference,0.5267724399784595,Test
884,Population_difference,0.46368537201539417,Test
885,Population_difference,0.4789429517500594,Test
886,Population_difference,0.48965110204882656,Test
887,Population_difference,0.4644081551381669,Test
888,Population_difference,0.5071749590696586,Test
889,Population_difference,0.4805606317085793,Test
890,Population_difference,0.48986935639626994,Test
891,Population_difference,0.4562376759928546,Test
892,Population_difference,0.49347294610394976,Test
893,Population_difference,0.4654130033454329,Test
894,Population_difference,0.4807057284882108,Test
895,Population_difference,0.5053344867641123,Test
896,Population_difference,0.46241524665346323,Test
897,Population_difference,0.46208853877313816,Test
898,Population_difference,0.5119591980945752,Test
899,Population_difference,0.47731028460498526,Test
900,Population_difference,0.5064251186411335,Test
901,Population_difference,0.5112349371007943,Test
902,Population_difference,0.4653001830660197,Test
903,Population_difference,0.4991800595394791,Test
904,Population_difference,0.4697491969997045,Test
905,Population_difference,0.4759112085781094,Test
906,Population_difference,0.5198515516176525,Test
907,Population_difference,0.4708572860499536,Test
908,Population_difference,0.4509984859182915,Test
909,Population_difference,0.46401797216691354,Test
910,Population_difference,0.5038173275676638,Test
911,Population_difference,0.4773637444078871,Test
912,Population_difference,0.49427792229079737,Test
913,Population_difference,0.4761440207005565,Test
914,Population_difference,0.47212897703244483,Test
915,Population_difference,0.47580910021045963,Test
916,Population_difference,0.45886791036437047,Test
917,Population_difference,0.4469849476782868,Test
918,Population_difference,0.5038024908309642,Test
919,Population_difference,0.5242709103206933,Test
920,Population_difference,0.4931166305667889,Test
921,Population_difference,0.48049221783622564,Test
922,Population_difference,0.4658049792033663,Test
923,Population_difference,0.5056759625440672,Test
924,Population_difference,0.46813259003763896,Test
925,Population_difference,0.49775644396516605,Test
926,Population_difference,0.48752652781675865,Test
927,Population_difference,0.4537511797965621,Test
928,Population_difference,0.5389160096919117,Test
929,Population_difference,0.48589597517668226,Test
930,Population_difference,0.4683294062655412,Test
931,Population_difference,0.48832876103903855,Test
932,Population_difference,0.5101691736418696,Test
933,Population_difference,0.5111997490636098,Test
934,Population_difference,0.4795988070469397,Test
935,Population_difference,0.47560594558068714,Test
936,Population_difference,0.43524630820134624,Test
937,Population_difference,0.4507723542899291,Test
938,Population_difference,0.46992329123081644,Test
939,Population_difference,0.4946353755884243,Test
940,Population_difference,0.5335192027525013,Test
941,Population_difference,0.4663082557943725,Test
942,Population_difference,0.43816722605993597,Test
943,Population_difference,0.5153157890125428,Test
944,Population_difference,0.48231621821021475,Test
945,Population_difference,0.47735255515112973,Test
946,Population_difference,0.49173156330485224,Test
947,Population_difference,0.4872749691194751,Test
948,Population_difference,0.48885123929583507,Test
949,Population_difference,0.47948816693425167,Test
950,Population_difference,0.49375887841181454,Test
951,Population_difference,0.5051284952950097,Test
952,Population_difference,0.4930968771804596,Test
953,Population_difference,0.47943129051158473,Test
954,Population_difference,0.4905764235522383,Test
955,Population_difference,0.48986109633852504,Test
956,Population_difference,0.49306811292338915,Test
957,Population_difference,0.5030971351124827,Test
958,Population_difference,0.4922576227099025,Test
959,Population_difference,0.48215219761197337,Test
960,Population_difference,0.4611299381798606,Test
961,Population_difference,0.4674052605851178,Test
962,Population_difference,0.47906275232792694,Test
963,Population_difference,0.5074033905939754,Test
964,Population_difference,0.459134491219396,Test
965,Population_difference,0.4998845264042593,Test
966,Population_difference,0.4671786965533691,Test
967,Population_difference,0.501717156819758,Test
968,Population_difference,0.4756483222574681,Test
969,Population_difference,0.4637972565843933,Test
970,Population_difference,0.47607254284989686,Test
971,Population_difference,0.4463318891049042,Test
972,Population_difference,0.48304700156483693,Test
973,Population_difference,0.4881671204572875,Test
974,Population_difference,0.4702350005742004,Test
975,Population_difference,0.4979423479960212,Test
976,Population_difference,0.4803084221791476,Test
977,Population_difference,0.4795924939218075,Test
978,Population_difference,0.4942489129797043,Test
979,Population_difference,0.48013206014813914,Test
980,Population_difference,0.4563967806524609,Test
981,Population_difference,0.48697935684744387,Test
982,Population_difference,0.5291611573209951,Test
983,Population_difference,0.49912320724874926,Test
984,Population_difference,0.48699471287455776,Test
985,Population_difference,0.4865660843122912,Test
986,Population_difference,0.4901459578895835,Test
987,Population_difference,0.4862825305221792,Test
988,Population_difference,0.5025146997834689,Test
989,Population_difference,0.48425820669241393,Test
990,Population_difference,0.49668908913251064,Test
991,Population_difference,0.4514676765783261,Test
992,Population_difference,0.4525179069522066,Test
993,Population_difference,0.478015080421319,Test
994,Population_difference,0.4113652274012062,Test
995,Population_difference,0.50566469710117,Test
996,Population_difference,0.48446287510786523,Test
997,Population_difference,0.5059555835879366,Test
998,Population_difference,0.48391052043120464,Test
999,Population_difference,0.5104427046773263,Test
0,Contact,0.0011845702403707747,Train
1,Contact,0.002027059577512702,Train
2,Contact,0.0015730939985967307,Train
3,Contact,0.002516373941013894,Train
4,Contact,0.002286101266829599,Train
5,Contact,0.001883987975621615,Train
6,Contact,0.0006969047125006123,Train
7,Contact,0.0006500829494181515,Train
8,Contact,0.0012188087869472453,Train
9,Contact,0.002031088552374216,Train
10,Contact,0.001230358905994433,Train
11,Contact,0.0014989303156173195,Train
12,Contact,0.0013747840316630233,Train
13,Contact,0.0014729387096070745,Train
14,Contact,0.0022395294274812905,Train
15,Contact,0.001400517097519205,Train
16,Contact,0.0006882450179469535,Train
17,Contact,0.0019623829237801482,Train
18,Contact,0.002048649779102907,Train
19,Contact,0.0008761002588376643,Train
20,Contact,0.0014943069748404314,Train
21,Contact,0.0017454254888722431,Train
22,Contact,0.0016490338939844085,Train
23,Contact,0.001860011521564453,Train
24,Contact,0.001921989545605518,Train
25,Contact,0.001440407327930382,Train
26,Contact,0.0022492188523334233,Train
27,Contact,0.0014198299204906117,Train
28,Contact,0.0019132437228902566,Train
29,Contact,0.0020515459351097,Train
30,Contact,0.0006966329372808389,Train
31,Contact,0.001683940670842765,Train
32,Contact,0.002311440970324319,Train
33,Contact,0.0021466334889088667,Train
34,Contact,0.0013962095788068174,Train
35,Contact,0.0014435309953819697,Train
36,Contact,0.0015785619460882971,Train
37,Contact,0.0009674846609687426,Train
38,Contact,0.0013311996317976194,Train
39,Contact,0.0014015277313400576,Train
40,Contact,0.0013051754819405348,Train
41,Contact,0.0019682881873847036,Train
42,Contact,0.001201649957651596,Train
43,Contact,0.001397835464564845,Train
44,Contact,0.0014693032945087836,Train
45,Contact,0.0009739704109446023,Train
46,Contact,0.0018766485804081467,Train
47,Contact,0.0012470729176959905,Train
48,Contact,0.002013386141744067,Train
49,Contact,0.0017021704936287518,Train
50,Contact,0.0014215708823420714,Train
51,Contact,0.0010882226721875554,Train
52,Contact,0.0014515519476167027,Train
53,Contact,0.001764665930836018,Train
54,Contact,0.0019301466018971647,Train
55,Contact,0.0008324207266295902,Train
56,Contact,0.000877407873976721,Train
57,Contact,0.0016582354511788244,Train
58,Contact,0.0011114725005403336,Train
59,Contact,0.0015243976343108923,Train
60,Contact,0.0010955182845079348,Train
61,Contact,0.0025146757331071523,Train
62,Contact,0.0011187151415641416,Train
63,Contact,0.0013885806381069843,Train
64,Contact,0.0009587334617310317,Train
65,Contact,0.002325616964291677,Train
66,Contact,0.0016935753795898068,Train
67,Contact,0.0012017649070880099,Train
68,Contact,0.0014336052033981916,Train
69,Contact,0.002321090826638117,Train
70,Contact,0.0006566605371821632,Train
71,Contact,0.0008392511014615467,Train
72,Contact,0.0022213079392979784,Train
73,Contact,0.0012169499443367426,Train
74,Contact,0.0018827445338815973,Train
75,Contact,0.0003520581641393017,Train
76,Contact,0.0017189941204733827,Train
77,Contact,0.0017398162854804777,Train
78,Contact,0.0026466035098292595,Train
79,Contact,0.002440781627335409,Train
80,Contact,0.0018138065105380852,Train
81,Contact,0.0008900397220735767,Train
82,Contact,0.00174537389011864,Train
83,Contact,0.0016220464728464723,Train
84,Contact,0.0015996187621616365,Train
85,Contact,0.0025856711241643016,Train
86,Contact,0.0017037317574942756,Train
87,Contact,0.0014143691283042825,Train
88,Contact,0.0018964211817887877,Train
89,Contact,0.0006728020874006146,Train
90,Contact,0.0009693095198447521,Train
91,Contact,0.002496909306932804,Train
92,Contact,0.0017668095401236483,Train
93,Contact,0.00154813987496627,Train
94,Contact,0.002220026463711111,Train
95,Contact,0.0012334005526916103,Train
96,Contact,0.0017219529679136647,Train
97,Contact,0.0011417191412782524,Train
98,Contact,0.0018125178932998365,Train
99,Contact,0.00125062031442702,Train
100,Contact,0.002952742481029502,Train
101,Contact,0.0016294837709546206,Train
102,Contact,0.000992686888645844,Train
103,Contact,0.0012008069067004357,Train
104,Contact,0.000934707264616752,Train
105,Contact,0.0010836063793399076,Train
106,Contact,0.0007569352013018227,Train
107,Contact,0.0023493086596050317,Train
108,Contact,0.001779255123188439,Train
109,Contact,0.0016965664922244938,Train
110,Contact,0.0014751079389468957,Train
111,Contact,0.0011597775202902838,Train
112,Contact,0.0018897432122532143,Train
113,Contact,0.0010576793417371722,Train
114,Contact,0.00204691262138057,Train
115,Contact,0.0018508108805990187,Train
116,Contact,0.0012823200274618696,Train
117,Contact,0.000724905309593793,Train
118,Contact,0.002350414128439504,Train
119,Contact,0.0013027937399737732,Train
120,Contact,0.0010715494329990305,Train
121,Contact,0.0018582070568372577,Train
122,Contact,0.0009333113062889309,Train
123,Contact,0.0012593913445760885,Train
124,Contact,0.0013838854202083972,Train
125,Contact,0.0010338862351898515,Train
126,Contact,0.0016413316535316413,Train
127,Contact,0.001538953935097509,Train
128,Contact,0.00259294618011896,Train
129,Contact,0.0008992716937998857,Train
130,Contact,0.0017385239094793725,Train
131,Contact,0.0019253966632545305,Train
132,Contact,0.0015577926484325877,Train
133,Contact,0.0014445092450182662,Train
134,Contact,0.001177799857347006,Train
135,Contact,0.0025669346352278355,Train
136,Contact,0.0012931687178474593,Train
137,Contact,0.0014854890397186793,Train
138,Contact,0.0017953782056805423,Train
139,Contact,0.0009831944867856324,Train
140,Contact,0.0012065852401835775,Train
141,Contact,0.0016026971463939388,Train
142,Contact,0.0017247299208149602,Train
143,Contact,0.0010746161143952992,Train
144,Contact,0.0008095479044462062,Train
145,Contact,0.0006644693729467299,Train
146,Contact,0.001059315791724913,Train
147,Contact,0.0020327140290009593,Train
148,Contact,0.0013689069196564096,Train
149,Contact,0.001587595077778725,Train
150,Contact,0.0019547799915154984,Train
151,Contact,0.0007765250448993344,Train
152,Contact,0.0016034048753900132,Train
153,Contact,0.0008674003175754841,Train
154,Contact,0.0015255219552645638,Train
155,Contact,0.0013115973847684925,Train
156,Contact,0.0015304125812923841,Train
157,Contact,0.0014085485898817085,Train
158,Contact,0.0009311570728584018,Train
159,Contact,0.0009836388222951298,Train
160,Contact,0.002031804899167322,Train
161,Contact,0.002203746971632836,Train
162,Contact,0.0017111892881774837,Train
163,Contact,0.0011957532802848725,Train
164,Contact,0.0012232933620198727,Train
165,Contact,0.001463140930725415,Train
166,Contact,0.0012071073654262854,Train
167,Contact,0.0015503796221301158,Train
168,Contact,0.0005608915404141657,Train
169,Contact,0.0015850368722882813,Train
170,Contact,0.0016057165500374948,Train
171,Contact,0.0013626042552838946,Train
172,Contact,0.001063840066520716,Train
173,Contact,0.0013381433616982408,Train
174,Contact,0.002784406858125421,Train
175,Contact,0.0013788670789379731,Train
176,Contact,0.0011086614253648097,Train
177,Contact,0.0027890993192184466,Train
178,Contact,0.0020402032540464132,Train
179,Contact,0.0009676365865961545,Train
180,Contact,0.0010877703065438338,Train
181,Contact,0.0016009157616390102,Train
182,Contact,0.0015314024962184147,Train
183,Contact,0.001219939109587398,Train
184,Contact,0.0017033225845417554,Train
185,Contact,0.0006770815434326005,Train
186,Contact,0.0015618684418027273,Train
187,Contact,0.0010396546341747692,Train
188,Contact,0.0014183671887233462,Train
189,Contact,0.001541805159351095,Train
190,Contact,0.0024005497641548246,Train
191,Contact,0.0028670542201517657,Train
192,Contact,0.002068083090716266,Train
193,Contact,0.001861644005313745,Train
194,Contact,0.0009846183640912498,Train
195,Contact,0.001372876054783423,Train
196,Contact,0.0015596980930211446,Train
197,Contact,0.0016442347585146067,Train
198,Contact,0.001700110140482547,Train
199,Contact,0.0010544852891510859,Train
200,Same_family,0.016878423687773925,Train
201,Same_family,0.01548698414971117,Train
202,Same_family,0.01871821118333039,Train
203,Same_family,0.019103766031655867,Train
204,Same_family,0.0165711613984042,Train
205,Same_family,0.017760751503442362,Train
206,Same_family,0.017905923400917456,Train
207,Same_family,0.017793779469694182,Train
208,Same_family,0.016945118384574687,Train
209,Same_family,0.01874267104524241,Train
210,Same_family,0.01838952297980423,Train
211,Same_family,0.020522114395195912,Train
212,Same_family,0.017357277030993434,Train
213,Same_family,0.017788591321735936,Train
214,Same_family,0.016527567680772237,Train
215,Same_family,0.017803313683450894,Train
216,Same_family,0.018811472115746963,Train
217,Same_family,0.019682752074823506,Train
218,Same_family,0.020738003173501496,Train
219,Same_family,0.018474011017379,Train
220,Same_family,0.01931790819324719,Train
221,Same_family,0.018660139396435182,Train
222,Same_family,0.017688737830676038,Train
223,Same_family,0.017042864064621743,Train
224,Same_family,0.01846541248068012,Train
225,Same_family,0.020137571330646753,Train
226,Same_family,0.01755897320556088,Train
227,Same_family,0.019335357059329872,Train
228,Same_family,0.01872967014447846,Train
229,Same_family,0.017201766462998203,Train
230,Same_family,0.01716150710755182,Train
231,Same_family,0.019775897783879004,Train
232,Same_family,0.016664768218095705,Train
233,Same_family,0.018261642768794828,Train
234,Same_family,0.018080929634994303,Train
235,Same_family,0.01697112623904251,Train
236,Same_family,0.018605195021350718,Train
237,Same_family,0.015542052338788914,Train
238,Same_family,0.018790986656956332,Train
239,Same_family,0.018898458992634537,Train
240,Same_family,0.01796795660904371,Train
241,Same_family,0.01831278086974797,Train
242,Same_family,0.01800961211415386,Train
243,Same_family,0.015334363897268388,Train
244,Same_family,0.01816118649746523,Train
245,Same_family,0.01933885176131389,Train
246,Same_family,0.018372974175845047,Train
247,Same_family,0.01652048555336083,Train
248,Same_family,0.018751773210096023,Train
249,Same_family,0.019898323825992437,Train
250,Same_family,0.018062214719762548,Train
251,Same_family,0.019571235342667914,Train
252,Same_family,0.01617803736365253,Train
253,Same_family,0.018902769984024292,Train
254,Same_family,0.01756125119183738,Train
255,Same_family,0.014865835163702878,Train
256,Same_family,0.0180134699508111,Train
257,Same_family,0.017240375243198658,Train
258,Same_family,0.01992326300451419,Train
259,Same_family,0.016876793861488326,Train
260,Same_family,0.016636206893623107,Train
261,Same_family,0.01898211422562568,Train
262,Same_family,0.016494837445674038,Train
263,Same_family,0.015048190299389863,Train
264,Same_family,0.019920749519706127,Train
265,Same_family,0.020281561183493557,Train
266,Same_family,0.020221007251240875,Train
267,Same_family,0.01996346074533517,Train
268,Same_family,0.019417721731394333,Train
269,Same_family,0.015140915162446311,Train
270,Same_family,0.017440141381252494,Train
271,Same_family,0.017962982998634858,Train
272,Same_family,0.017054143403031907,Train
273,Same_family,0.017818503297225452,Train
274,Same_family,0.02093777927583107,Train
275,Same_family,0.018062989711137956,Train
276,Same_family,0.017449355760473684,Train
277,Same_family,0.018194645375510632,Train
278,Same_family,0.01765410519591304,Train
279,Same_family,0.018330321064208288,Train
280,Same_family,0.015525190709013592,Train
281,Same_family,0.015398285507724374,Train
282,Same_family,0.017596195978943907,Train
283,Same_family,0.018090366126444435,Train
284,Same_family,0.01645246802987199,Train
285,Same_family,0.019284818179572838,Train
286,Same_family,0.019936418734263994,Train
287,Same_family,0.018771247028112836,Train
288,Same_family,0.016752686113385873,Train
289,Same_family,0.017402739813742074,Train
290,Same_family,0.01532210266322831,Train
291,Same_family,0.02009541559153971,Train
292,Same_family,0.014892353571539951,Train
293,Same_family,0.018245314031290483,Train
294,Same_family,0.02143743656493302,Train
295,Same_family,0.019299183869406655,Train
296,Same_family,0.01795842894318367,Train
297,Same_family,0.017695801782609877,Train
298,Same_family,0.018367941315422853,Train
299,Same_family,0.01610475793610766,Train
300,Same_family,0.017469524261073732,Train
301,Same_family,0.01929841638824281,Train
302,Same_family,0.019311626987022046,Train
303,Same_family,0.019172990318860328,Train
304,Same_family,0.021836775686897902,Train
305,Same_family,0.019260842275500845,Train
306,Same_family,0.01741319910475858,Train
307,Same_family,0.02089053492089399,Train
308,Same_family,0.015945942617887954,Train
309,Same_family,0.018240189527305772,Train
310,Same_family,0.014771434815796236,Train
311,Same_family,0.01849661578560602,Train
312,Same_family,0.021309644178634235,Train
313,Same_family,0.01799970610295143,Train
314,Same_family,0.019509579579830794,Train
315,Same_family,0.017071639066307265,Train
316,Same_family,0.01815740930989518,Train
317,Same_family,0.01800254734649931,Train
318,Same_family,0.019902279234253473,Train
319,Same_family,0.019679454950049635,Train
320,Same_family,0.019138178808366546,Train
321,Same_family,0.01911216082485212,Train
322,Same_family,0.018767103918348793,Train
323,Same_family,0.018635714391403435,Train
324,Same_family,0.017292332910215147,Train
325,Same_family,0.017997224960312086,Train
326,Same_family,0.017367693706517362,Train
327,Same_family,0.018577892225783432,Train
328,Same_family,0.018919913516581843,Train
329,Same_family,0.018468744672286208,Train
330,Same_family,0.01862850647081371,Train
331,Same_family,0.018147057432744362,Train
332,Same_family,0.01857785400001266,Train
333,Same_family,0.019339714767553473,Train
334,Same_family,0.016190116246449948,Train
335,Same_family,0.018658704202429433,Train
336,Same_family,0.0195286014195426,Train
337,Same_family,0.01583656212992146,Train
338,Same_family,0.020481942000038944,Train
339,Same_family,0.014876988823067205,Train
340,Same_family,0.022222642300991025,Train
341,Same_family,0.018691023551592134,Train
342,Same_family,0.019457776901671164,Train
343,Same_family,0.015269286267770799,Train
344,Same_family,0.0187159461449925,Train
345,Same_family,0.016643456093604292,Train
346,Same_family,0.018508148267819324,Train
347,Same_family,0.02168880641826665,Train
348,Same_family,0.015492571348905693,Train
349,Same_family,0.019803404466455343,Train
350,Same_family,0.016769067259810422,Train
351,Same_family,0.017715396812355455,Train
352,Same_family,0.018512495814096197,Train
353,Same_family,0.018051466989002063,Train
354,Same_family,0.016976473794247715,Train
355,Same_family,0.017652633974394205,Train
356,Same_family,0.019445416278235927,Train
357,Same_family,0.019425875365587264,Train
358,Same_family,0.018352735171268786,Train
359,Same_family,0.019327061480973184,Train
360,Same_family,0.018812802214314917,Train
361,Same_family,0.01572838221753925,Train
362,Same_family,0.015586533238734268,Train
363,Same_family,0.021525434551111444,Train
364,Same_family,0.018240839448537383,Train
365,Same_family,0.019274520521898153,Train
366,Same_family,0.016480750297339086,Train
367,Same_family,0.017269646786713166,Train
368,Same_family,0.018746645408547757,Train
369,Same_family,0.020357084025122485,Train
370,Same_family,0.019642721661337847,Train
371,Same_family,0.01788765453442631,Train
372,Same_family,0.019679796550935102,Train
373,Same_family,0.017332044863822338,Train
374,Same_family,0.018582361404016146,Train
375,Same_family,0.01791921166692656,Train
376,Same_family,0.018875493177772817,Train
377,Same_family,0.01878027499072865,Train
378,Same_family,0.020199119567227086,Train
379,Same_family,0.017401258371737005,Train
380,Same_family,0.018770780874448945,Train
381,Same_family,0.015239466000036672,Train
382,Same_family,0.020216716164250137,Train
383,Same_family,0.017384188037956938,Train
384,Same_family,0.017272634389480124,Train
385,Same_family,0.017143093033133883,Train
386,Same_family,0.01810286318190968,Train
387,Same_family,0.016027911116175075,Train
388,Same_family,0.019060198684843876,Train
389,Same_family,0.02182757082842135,Train
390,Same_family,0.019020204904491744,Train
391,Same_family,0.01939543591042403,Train
392,Same_family,0.016780665687687324,Train
393,Same_family,0.01613069230978237,Train
394,Same_family,0.01749897096745645,Train
395,Same_family,0.0175980025783391,Train
396,Same_family,0.01878848058850735,Train
397,Same_family,0.019134593096080343,Train
398,Same_family,0.018316023070704124,Train
399,Same_family,0.01887074960150703,Train
400,Same_genus,0.1769285820190184,Train
401,Same_genus,0.18178840955413622,Train
402,Same_genus,0.17520861083722078,Train
403,Same_genus,0.1642259536803542,Train
404,Same_genus,0.17429160843465163,Train
405,Same_genus,0.16501878426117533,Train
406,Same_genus,0.15798526150540282,Train
407,Same_genus,0.16970214779176995,Train
408,Same_genus,0.15211089295715763,Train
409,Same_genus,0.1687094973352269,Train
410,Same_genus,0.17135572679109595,Train
411,Same_genus,0.16848900350727591,Train
412,Same_genus,0.1682695719905476,Train
413,Same_genus,0.16018426056300966,Train
414,Same_genus,0.16472926057956272,Train
415,Same_genus,0.17422240873854056,Train
416,Same_genus,0.16706357504430125,Train
417,Same_genus,0.16591334094176935,Train
418,Same_genus,0.17138870717504162,Train
419,Same_genus,0.16607373494613953,Train
420,Same_genus,0.18711396079967813,Train
421,Same_genus,0.18193388541871947,Train
422,Same_genus,0.19036166103632746,Train
423,Same_genus,0.16397619113469375,Train
424,Same_genus,0.16609957274359788,Train
425,Same_genus,0.1805334655833476,Train
426,Same_genus,0.16757289162206235,Train
427,Same_genus,0.18853376289762724,Train
428,Same_genus,0.1669541426348412,Train
429,Same_genus,0.1638484064222835,Train
430,Same_genus,0.18257044313385828,Train
431,Same_genus,0.17506568728060035,Train
432,Same_genus,0.1725842150556951,Train
433,Same_genus,0.17077655592645713,Train
434,Same_genus,0.16648495877902192,Train
435,Same_genus,0.16852449522488,Train
436,Same_genus,0.1780439550981524,Train
437,Same_genus,0.18198733077544904,Train
438,Same_genus,0.15793410040964428,Train
439,Same_genus,0.16280977485375392,Train
440,Same_genus,0.1861472048120903,Train
441,Same_genus,0.1758666922261649,Train
442,Same_genus,0.17674141902091944,Train
443,Same_genus,0.16272217710143844,Train
444,Same_genus,0.17706219561680991,Train
445,Same_genus,0.1680126003953486,Train
446,Same_genus,0.16021028540915871,Train
447,Same_genus,0.1680371259455441,Train
448,Same_genus,0.17468743615946491,Train
449,Same_genus,0.1701409968590203,Train
450,Same_genus,0.17536175664426334,Train
451,Same_genus,0.14533553807254973,Train
452,Same_genus,0.17552419795743135,Train
453,Same_genus,0.16514774285241812,Train
454,Same_genus,0.16581080703452133,Train
455,Same_genus,0.16525957036585148,Train
456,Same_genus,0.1845763811611606,Train
457,Same_genus,0.1687013353370026,Train
458,Same_genus,0.1619286650135967,Train
459,Same_genus,0.17077440775583852,Train
460,Same_genus,0.17962359623008295,Train
461,Same_genus,0.18346603175439813,Train
462,Same_genus,0.16627633200098324,Train
463,Same_genus,0.17715783030584686,Train
464,Same_genus,0.17835094179555144,Train
465,Same_genus,0.16185998629429044,Train
466,Same_genus,0.16619349646532644,Train
467,Same_genus,0.17468244193626048,Train
468,Same_genus,0.14842344769671095,Train
469,Same_genus,0.1833196679779222,Train
470,Same_genus,0.1590146475800538,Train
471,Same_genus,0.17749282359366458,Train
472,Same_genus,0.16463054504860275,Train
473,Same_genus,0.1805592953007389,Train
474,Same_genus,0.16605608362727053,Train
475,Same_genus,0.14993711386824127,Train
476,Same_genus,0.1647990315750683,Train
477,Same_genus,0.16744369110252605,Train
478,Same_genus,0.16321091238011842,Train
479,Same_genus,0.1590137235386696,Train
480,Same_genus,0.1603621445659399,Train
481,Same_genus,0.15515080021015426,Train
482,Same_genus,0.16993460540419725,Train
483,Same_genus,0.1675464668284969,Train
484,Same_genus,0.17804450979531827,Train
485,Same_genus,0.16628966438808646,Train
486,Same_genus,0.17883356360182068,Train
487,Same_genus,0.17508573361913543,Train
488,Same_genus,0.18885067156879287,Train
489,Same_genus,0.18903022851947393,Train
490,Same_genus,0.16279324909347814,Train
491,Same_genus,0.19801255884299895,Train
492,Same_genus,0.1606299078521135,Train
493,Same_genus,0.17086208033115063,Train
494,Same_genus,0.17049901121653244,Train
495,Same_genus,0.1624995287353006,Train
496,Same_genus,0.17715969507440554,Train
497,Same_genus,0.15925298397666554,Train
498,Same_genus,0.16418525320515165,Train
499,Same_genus,0.17639215948046394,Train
500,Same_genus,0.18212881983090312,Train
501,Same_genus,0.17117506854418685,Train
502,Same_genus,0.1653612274207099,Train
503,Same_genus,0.18114529530408252,Train
504,Same_genus,0.16702894082308672,Train
505,Same_genus,0.17599439625760827,Train
506,Same_genus,0.16948657820750668,Train
507,Same_genus,0.16994653703782492,Train
508,Same_genus,0.16410719116307193,Train
509,Same_genus,0.1624464637638927,Train
510,Same_genus,0.17707420579575694,Train
511,Same_genus,0.18232527358111839,Train
512,Same_genus,0.17818997897777833,Train
513,Same_genus,0.16884170482065708,Train
514,Same_genus,0.17241079098287748,Train
515,Same_genus,0.1677539543395108,Train
516,Same_genus,0.1711610262956278,Train
517,Same_genus,0.17175061985482432,Train
518,Same_genus,0.16264948018992775,Train
519,Same_genus,0.17845712210451364,Train
520,Same_genus,0.17432184667143535,Train
521,Same_genus,0.18159699932543982,Train
522,Same_genus,0.1685739361619628,Train
523,Same_genus,0.1750029149892397,Train
524,Same_genus,0.160740822535119,Train
525,Same_genus,0.15707904554444707,Train
526,Same_genus,0.1659831768941465,Train
527,Same_genus,0.16690376204414725,Train
528,Same_genus,0.16169990915070764,Train
529,Same_genus,0.18166925203901407,Train
530,Same_genus,0.17277433929042774,Train
531,Same_genus,0.17316852352295786,Train
532,Same_genus,0.1678638636593609,Train
533,Same_genus,0.18294978880188972,Train
534,Same_genus,0.18107556026583438,Train
535,Same_genus,0.16744662681876632,Train
536,Same_genus,0.16674911728604247,Train
537,Same_genus,0.15777930178551258,Train
538,Same_genus,0.1772835317007635,Train
539,Same_genus,0.16636331384711056,Train
540,Same_genus,0.17220201902687504,Train
541,Same_genus,0.1608040469323262,Train
542,Same_genus,0.16043671764419032,Train
543,Same_genus,0.16988596203032325,Train
544,Same_genus,0.1636911579725724,Train
545,Same_genus,0.15542115143436253,Train
546,Same_genus,0.16574616277782273,Train
547,Same_genus,0.18456571225924256,Train
548,Same_genus,0.16624061462163853,Train
549,Same_genus,0.18066128001608062,Train
550,Same_genus,0.17679579260221767,Train
551,Same_genus,0.1841885519565254,Train
552,Same_genus,0.16079048199836932,Train
553,Same_genus,0.17555967068507106,Train
554,Same_genus,0.16648236881592715,Train
555,Same_genus,0.1787992393038833,Train
556,Same_genus,0.17301556460703404,Train
557,Same_genus,0.17819990703044797,Train
558,Same_genus,0.18047592558234826,Train
559,Same_genus,0.16754755549706546,Train
560,Same_genus,0.1816618782798638,Train
561,Same_genus,0.1715983977786173,Train
562,Same_genus,0.16623599964423452,Train
563,Same_genus,0.1804421540942066,Train
564,Same_genus,0.17659228262062876,Train
565,Same_genus,0.18269120544568707,Train
566,Same_genus,0.1504931422716448,Train
567,Same_genus,0.17020150608283835,Train
568,Same_genus,0.15673546842046193,Train
569,Same_genus,0.17407008232773113,Train
570,Same_genus,0.16887648296479296,Train
571,Same_genus,0.16959281442649488,Train
572,Same_genus,0.16943542221336189,Train
573,Same_genus,0.16196459836379107,Train
574,Same_genus,0.16983314899449475,Train
575,Same_genus,0.15936830346047237,Train
576,Same_genus,0.15871174794798748,Train
577,Same_genus,0.18185387639434275,Train
578,Same_genus,0.19204168004516092,Train
579,Same_genus,0.1662977458817223,Train
580,Same_genus,0.15057237169419152,Train
581,Same_genus,0.1803222218681525,Train
582,Same_genus,0.16259872885953486,Train
583,Same_genus,0.17200674211040068,Train
584,Same_genus,0.1742704647713071,Train
585,Same_genus,0.1677509684270131,Train
586,Same_genus,0.17768267221817036,Train
587,Same_genus,0.16689460421528646,Train
588,Same_genus,0.1692300738572876,Train
589,Same_genus,0.17103226960088014,Train
590,Same_genus,0.17457204195601062,Train
591,Same_genus,0.16620518305241394,Train
592,Same_genus,0.1694374354867253,Train
593,Same_genus,0.1777590250144126,Train
594,Same_genus,0.19766260421150383,Train
595,Same_genus,0.17761754042638056,Train
596,Same_genus,0.17263491003772946,Train
597,Same_genus,0.18320838817802676,Train
598,Same_genus,0.17350542851532447,Train
599,Same_genus,0.16708246560072315,Train
600,Distance,0.26437717549441786,Train
601,Distance,0.2617842173545062,Train
602,Distance,0.24340555940633224,Train
603,Distance,0.2500083395415369,Train
604,Distance,0.2460860388725581,Train
605,Distance,0.24546102803982695,Train
606,Distance,0.24212373824250305,Train
607,Distance,0.25415537229815544,Train
608,Distance,0.24775523237833907,Train
609,Distance,0.2510595719039609,Train
610,Distance,0.2515121361220335,Train
611,Distance,0.24675396498088675,Train
612,Distance,0.2396064593376529,Train
613,Distance,0.24853943501461218,Train
614,Distance,0.2452217629143134,Train
615,Distance,0.2374709240788403,Train
616,Distance,0.23558077378519016,Train
617,Distance,0.2564562399864013,Train
618,Distance,0.2483408851259289,Train
619,Distance,0.2595296105228694,Train
620,Distance,0.25791718291628574,Train
621,Distance,0.2414250091055664,Train
622,Distance,0.2521401023677051,Train
623,Distance,0.2525937568479112,Train
624,Distance,0.2438913008553628,Train
625,Distance,0.25560049461490975,Train
626,Distance,0.2351789599966556,Train
627,Distance,0.2525610037385616,Train
628,Distance,0.2510395334907084,Train
629,Distance,0.2454005616023326,Train
630,Distance,0.23688598736942945,Train
631,Distance,0.2649340766234817,Train
632,Distance,0.2409924116500407,Train
633,Distance,0.26494326105819466,Train
634,Distance,0.23481068499457103,Train
635,Distance,0.2572834779483181,Train
636,Distance,0.24857896823125403,Train
637,Distance,0.23999233607535875,Train
638,Distance,0.24540675717710692,Train
639,Distance,0.25088236035736444,Train
640,Distance,0.23903692438963087,Train
641,Distance,0.24799416739539004,Train
642,Distance,0.25478757962140264,Train
643,Distance,0.22937008874937126,Train
644,Distance,0.2474493779822694,Train
645,Distance,0.24281816474837425,Train
646,Distance,0.25643952434858563,Train
647,Distance,0.24011327021486495,Train
648,Distance,0.2510087520210843,Train
649,Distance,0.24327221683590827,Train
650,Distance,0.24501198116124678,Train
651,Distance,0.24913293229765288,Train
652,Distance,0.24438874036264835,Train
653,Distance,0.24675225486624874,Train
654,Distance,0.24993513067252648,Train
655,Distance,0.24216862923319127,Train
656,Distance,0.25009129729243207,Train
657,Distance,0.24892741303693922,Train
658,Distance,0.24779123824930316,Train
659,Distance,0.24360823127908438,Train
660,Distance,0.2446254939405046,Train
661,Distance,0.24212971303546538,Train
662,Distance,0.25694841854209194,Train
663,Distance,0.23951539685201262,Train
664,Distance,0.2505012286238687,Train
665,Distance,0.25335148958951936,Train
666,Distance,0.24694410154783575,Train
667,Distance,0.2456498915562848,Train
668,Distance,0.24886224269046364,Train
669,Distance,0.24610903458612932,Train
670,Distance,0.2436812563192322,Train
671,Distance,0.24910959504822772,Train
672,Distance,0.26502069127977856,Train
673,Distance,0.24497907806096875,Train
674,Distance,0.24308728856511608,Train
675,Distance,0.2421536973149513,Train
676,Distance,0.2564747179823446,Train
677,Distance,0.23769792754095365,Train
678,Distance,0.24289124422254926,Train
679,Distance,0.24198370112593415,Train
680,Distance,0.22973542075676578,Train
681,Distance,0.23150950635347878,Train
682,Distance,0.2580007262607349,Train
683,Distance,0.24223160957290368,Train
684,Distance,0.24917164450828932,Train
685,Distance,0.2547390798529917,Train
686,Distance,0.244788948092863,Train
687,Distance,0.24022118206963716,Train
688,Distance,0.24088375804964057,Train
689,Distance,0.2382998812420693,Train
690,Distance,0.2423849325251941,Train
691,Distance,0.2530813246545335,Train
692,Distance,0.25736088496609333,Train
693,Distance,0.23577085785333607,Train
694,Distance,0.25230608523889386,Train
695,Distance,0.2507996158134864,Train
696,Distance,0.23870900161315423,Train
697,Distance,0.24972678639444146,Train
698,Distance,0.253819875463411,Train
699,Distance,0.25002014283566376,Train
700,Distance,0.26954072914428895,Train
701,Distance,0.23526317872967162,Train
702,Distance,0.2553550949822405,Train
703,Distance,0.24266648916458677,Train
704,Distance,0.25193051204360084,Train
705,Distance,0.24151660795675933,Train
706,Distance,0.24154017303497533,Train
707,Distance,0.2491910664992475,Train
708,Distance,0.25195718502670295,Train
709,Distance,0.24352376493626804,Train
710,Distance,0.23607424824559853,Train
711,Distance,0.24408935222413353,Train
712,Distance,0.25231651751264916,Train
713,Distance,0.2418186450205927,Train
714,Distance,0.24365742911184052,Train
715,Distance,0.26104624165732226,Train
716,Distance,0.2555667659862556,Train
717,Distance,0.2386422821193368,Train
718,Distance,0.2508302306134409,Train
719,Distance,0.24070979372668488,Train
720,Distance,0.25175739257111995,Train
721,Distance,0.23928284934366006,Train
722,Distance,0.24930683545050047,Train
723,Distance,0.2568185855284356,Train
724,Distance,0.243407607335561,Train
725,Distance,0.25571001527790216,Train
726,Distance,0.2527778341554465,Train
727,Distance,0.23804366866734028,Train
728,Distance,0.23922584612627462,Train
729,Distance,0.2298921792420351,Train
730,Distance,0.24430782365381198,Train
731,Distance,0.2425802500577694,Train
732,Distance,0.24612595735749399,Train
733,Distance,0.2535909603730018,Train
734,Distance,0.24569029426181577,Train
735,Distance,0.24425657792220912,Train
736,Distance,0.24863870282605594,Train
737,Distance,0.24284866660681048,Train
738,Distance,0.248080825299692,Train
739,Distance,0.2488260139744729,Train
740,Distance,0.2509133959869432,Train
741,Distance,0.2471879815035315,Train
742,Distance,0.24334051619533859,Train
743,Distance,0.2440440781690001,Train
744,Distance,0.24593133502103798,Train
745,Distance,0.24567587962641424,Train
746,Distance,0.24150924075664304,Train
747,Distance,0.2460983560360368,Train
748,Distance,0.24472894979836946,Train
749,Distance,0.26493772051565545,Train
750,Distance,0.2510085495946077,Train
751,Distance,0.24723590046608446,Train
752,Distance,0.24867923755172738,Train
753,Distance,0.24855244631145113,Train
754,Distance,0.24279947068917107,Train
755,Distance,0.23575040470517572,Train
756,Distance,0.2500012073559862,Train
757,Distance,0.24074991372839694,Train
758,Distance,0.24516010389884602,Train
759,Distance,0.2301962310506087,Train
760,Distance,0.24715491966392167,Train
761,Distance,0.25151929308928955,Train
762,Distance,0.24608406843715314,Train
763,Distance,0.2426546555256509,Train
764,Distance,0.25508377542854976,Train
765,Distance,0.2528883633263391,Train
766,Distance,0.2328548825982426,Train
767,Distance,0.2571264786111801,Train
768,Distance,0.24828254067892275,Train
769,Distance,0.2528858786425874,Train
770,Distance,0.2509854523754349,Train
771,Distance,0.255748221172586,Train
772,Distance,0.23185315177759724,Train
773,Distance,0.2609449399634697,Train
774,Distance,0.24610888636581718,Train
775,Distance,0.2520405406559655,Train
776,Distance,0.231109052248055,Train
777,Distance,0.24560973730587488,Train
778,Distance,0.24635756774518414,Train
779,Distance,0.2510689208551856,Train
780,Distance,0.2430946570229673,Train
781,Distance,0.2609597368576221,Train
782,Distance,0.25767193174066727,Train
783,Distance,0.24604385025481523,Train
784,Distance,0.23186410985110517,Train
785,Distance,0.24392883285637434,Train
786,Distance,0.2488615671917106,Train
787,Distance,0.24437824351056509,Train
788,Distance,0.25351392760221525,Train
789,Distance,0.25555160845049363,Train
790,Distance,0.2418594848535761,Train
791,Distance,0.2570895484666932,Train
792,Distance,0.24436587221576178,Train
793,Distance,0.24273213878382882,Train
794,Distance,0.24436306926510587,Train
795,Distance,0.24705740976773916,Train
796,Distance,0.24875006891381846,Train
797,Distance,0.2546887957385744,Train
798,Distance,0.2484699513030113,Train
799,Distance,0.25134704063054214,Train
800,Population_difference,0.5675003670963805,Train
801,Population_difference,0.5490789429823062,Train
802,Population_difference,0.5907497917357116,Train
803,Population_difference,0.5502430573251801,Train
804,Population_difference,0.5450527926814831,Train
805,Population_difference,0.6206168256533161,Train
806,Population_difference,0.5775284855348684,Train
807,Population_difference,0.5690550861521957,Train
808,Population_difference,0.6074571545226014,Train
809,Population_difference,0.5827197917860314,Train
810,Population_difference,0.5865852694864709,Train
811,Population_difference,0.5619206747957578,Train
812,Population_difference,0.5530458691866492,Train
813,Population_difference,0.5573738236474015,Train
814,Population_difference,0.5727612170109302,Train
815,Population_difference,0.5660322803460219,Train
816,Population_difference,0.57153594118466,Train
817,Population_difference,0.5993134814067956,Train
818,Population_difference,0.5866704909674387,Train
819,Population_difference,0.563821619846487,Train
820,Population_difference,0.5389556338989301,Train
821,Population_difference,0.5409475438181363,Train
822,Population_difference,0.5653040814287529,Train
823,Population_difference,0.5813305435884287,Train
824,Population_difference,0.5597159539114942,Train
825,Population_difference,0.573943914754246,Train
826,Population_difference,0.5844500642081103,Train
827,Population_difference,0.5685670085889093,Train
828,Population_difference,0.5469984091146881,Train
829,Population_difference,0.5722774270907169,Train
830,Population_difference,0.5922664347110996,Train
831,Population_difference,0.5610424609199731,Train
832,Population_difference,0.5758876374211536,Train
833,Population_difference,0.5744801244968003,Train
834,Population_difference,0.5950174690753781,Train
835,Population_difference,0.5803587619329359,Train
836,Population_difference,0.5918954141154505,Train
837,Population_difference,0.5596613127465989,Train
838,Population_difference,0.5546925249964328,Train
839,Population_difference,0.5827831864648275,Train
840,Population_difference,0.5268731325223976,Train
841,Population_difference,0.5826157984833864,Train
842,Population_difference,0.5720457030547496,Train
843,Population_difference,0.5364907889033735,Train
844,Population_difference,0.5581899803346083,Train
845,Population_difference,0.5735204972023972,Train
846,Population_difference,0.586197852772327,Train
847,Population_difference,0.5831756221528058,Train
848,Population_difference,0.5642481207513962,Train
849,Population_difference,0.5571870632165565,Train
850,Population_difference,0.5831783420297489,Train
851,Population_difference,0.5747573454737117,Train
852,Population_difference,0.5732593393189042,Train
853,Population_difference,0.5558963914789599,Train
854,Population_difference,0.5850321026960704,Train
855,Population_difference,0.5406060095516493,Train
856,Population_difference,0.5947842207792899,Train
857,Population_difference,0.5606185124907261,Train
858,Population_difference,0.5594593995979114,Train
859,Population_difference,0.5640486834790146,Train
860,Population_difference,0.5787039024165703,Train
861,Population_difference,0.5745618850780438,Train
862,Population_difference,0.5691947265630187,Train
863,Population_difference,0.5753382404135471,Train
864,Population_difference,0.569555661714106,Train
865,Population_difference,0.5647091775539239,Train
866,Population_difference,0.5846754581805572,Train
867,Population_difference,0.5494221987016008,Train
868,Population_difference,0.5473872210638666,Train
869,Population_difference,0.5671119464116696,Train
870,Population_difference,0.5705652761920729,Train
871,Population_difference,0.5489812647927459,Train
872,Population_difference,0.6150902064275753,Train
873,Population_difference,0.5669397373434601,Train
874,Population_difference,0.5490507248062245,Train
875,Population_difference,0.5710878997856443,Train
876,Population_difference,0.5574752172459413,Train
877,Population_difference,0.566449129169314,Train
878,Population_difference,0.5865086634768669,Train
879,Population_difference,0.5789341214937705,Train
880,Population_difference,0.5461051571135516,Train
881,Population_difference,0.5977801259535339,Train
882,Population_difference,0.5732233319203385,Train
883,Population_difference,0.575049970182669,Train
884,Population_difference,0.5736973240572635,Train
885,Population_difference,0.5514042048452684,Train
886,Population_difference,0.5738365056978795,Train
887,Population_difference,0.587572773269942,Train
888,Population_difference,0.5736653371875489,Train
889,Population_difference,0.5781117174006734,Train
890,Population_difference,0.5884716061539537,Train
891,Population_difference,0.5674712446666066,Train
892,Population_difference,0.5632120752208143,Train
893,Population_difference,0.5575767233382186,Train
894,Population_difference,0.5773703662573544,Train
895,Population_difference,0.5666079598554262,Train
896,Population_difference,0.5655949780210697,Train
897,Population_difference,0.5837465647046396,Train
898,Population_difference,0.569602082642684,Train
899,Population_difference,0.5809600205428542,Train
900,Population_difference,0.5945065874839343,Train
901,Population_difference,0.58665441503883,Train
902,Population_difference,0.5476097045710351,Train
903,Population_difference,0.590220259663562,Train
904,Population_difference,0.5542244157408237,Train
905,Population_difference,0.5760255730362355,Train
906,Population_difference,0.5969341161807702,Train
907,Population_difference,0.5624269534777669,Train
908,Population_difference,0.5739639920900249,Train
909,Population_difference,0.5548150026037941,Train
910,Population_difference,0.5545050367717942,Train
911,Population_difference,0.5679326321317847,Train
912,Population_difference,0.5668510004319915,Train
913,Population_difference,0.5619440857620435,Train
914,Population_difference,0.5646006149468669,Train
915,Population_difference,0.5674061313060019,Train
916,Population_difference,0.5603784547498558,Train
917,Population_difference,0.5917797493199647,Train
918,Population_difference,0.5898357269180853,Train
919,Population_difference,0.5664344935889938,Train
920,Population_difference,0.5633612865440478,Train
921,Population_difference,0.5730715348319871,Train
922,Population_difference,0.5523033470661205,Train
923,Population_difference,0.57663277252455,Train
924,Population_difference,0.5766986816690944,Train
925,Population_difference,0.565031901700593,Train
926,Population_difference,0.5601917308922297,Train
927,Population_difference,0.5722902023099881,Train
928,Population_difference,0.5742295783451719,Train
929,Population_difference,0.5741636955805919,Train
930,Population_difference,0.5815511331029932,Train
931,Population_difference,0.5553534037888459,Train
932,Population_difference,0.5804848766415579,Train
933,Population_difference,0.5797743102722519,Train
934,Population_difference,0.5535393322846333,Train
935,Population_difference,0.5572359047422994,Train
936,Population_difference,0.5697919626455854,Train
937,Population_difference,0.5745499906185425,Train
938,Population_difference,0.5736812331428374,Train
939,Population_difference,0.5518661868233958,Train
940,Population_difference,0.5921164679787311,Train
941,Population_difference,0.585761598292723,Train
942,Population_difference,0.5714023086425877,Train
943,Population_difference,0.555480967151407,Train
944,Population_difference,0.5520352474368146,Train
945,Population_difference,0.5797912163260736,Train
946,Population_difference,0.5686994579789074,Train
947,Population_difference,0.5821378427313322,Train
948,Population_difference,0.5632267127300219,Train
949,Population_difference,0.573146692803572,Train
950,Population_difference,0.5707606275274475,Train
951,Population_difference,0.5563144158478758,Train
952,Population_difference,0.5733938702802961,Train
953,Population_difference,0.5663741534118876,Train
954,Population_difference,0.5677765717636825,Train
955,Population_difference,0.549261522017546,Train
956,Population_difference,0.5720943343005156,Train
957,Population_difference,0.6105520055778059,Train
958,Population_difference,0.5781848255602912,Train
959,Population_difference,0.5586971447189505,Train
960,Population_difference,0.559851249954545,Train
961,Population_difference,0.5870755717441728,Train
962,Population_difference,0.5515683708324884,Train
963,Population_difference,0.5702169297549518,Train
964,Population_difference,0.5694299267011363,Train
965,Population_difference,0.5705468129183446,Train
966,Population_difference,0.5654896398374621,Train
967,Population_difference,0.542256176293926,Train
968,Population_difference,0.561132983683057,Train
969,Population_difference,0.6011018999213396,Train
970,Population_difference,0.5559790022488583,Train
971,Population_difference,0.5895602663251398,Train
972,Population_difference,0.5904694464363623,Train
973,Population_difference,0.5538390961672661,Train
974,Population_difference,0.5922630554577148,Train
975,Population_difference,0.5844127832576564,Train
976,Population_difference,0.5982192720402901,Train
977,Population_difference,0.5545917809015238,Train
978,Population_difference,0.6135005139143962,Train
979,Population_difference,0.5565192031714499,Train
980,Population_difference,0.5728105763517927,Train
981,Population_difference,0.5766561791902596,Train
982,Population_difference,0.5813504656328489,Train
983,Population_difference,0.5706833657686478,Train
984,Population_difference,0.5482589446262569,Train
985,Population_difference,0.5664136408684382,Train
986,Population_difference,0.5620150388614875,Train
987,Population_difference,0.6077450243922301,Train
988,Population_difference,0.5619781446034565,Train
989,Population_difference,0.592513656528945,Train
990,Population_difference,0.5895383401281296,Train
991,Population_difference,0.5416131899204915,Train
992,Population_difference,0.5842681303043339,Train
993,Population_difference,0.5806247483833046,Train
994,Population_difference,0.5522718023859796,Train
995,Population_difference,0.5532813857451067,Train
996,Population_difference,0.5586344438554404,Train
997,Population_difference,0.5661559236824836,Train
998,Population_difference,0.5484804252244976,Train
999,Population_difference,0.5706688149311295,Train
